{
  "PLS": {
    "algorithm": "PLS",
    "training_time": 0.18979120254516602,
    "prediction_time": 0.06480026245117188,
    "accuracy": 0.9414634146341463,
    "precision": 0.9411643330876933,
    "recall": 0.9414634146341463,
    "f1_score": 0.9408819197782206
  },
  "Random Forest": {
    "algorithm": "Random Forest",
    "training_time": 0.2083134651184082,
    "prediction_time": 0.07851815223693848,
    "accuracy": 0.9048780487804878,
    "precision": 0.9040399349895519,
    "recall": 0.9048780487804878,
    "f1_score": 0.9043020230903189
  },
  "MLP": {
    "algorithm": "MLP",
    "training_time": 2.280975341796875,
    "prediction_time": 0.06833171844482422,
    "accuracy": 0.9097560975609756,
    "precision": 0.9091795437821928,
    "recall": 0.9097560975609756,
    "f1_score": 0.9079752166339602
  },
  "DNN": {
    "algorithm": "DNN",
    "training_time": 28.30245614051819,
    "prediction_time": 0.21866440773010254,
    "accuracy": 0.9585365853658536,
    "precision": 0.9583620689655172,
    "recall": 0.9585365853658536,
    "f1_score": 0.9583884288679206
  }
}