{
  "rl_class": {
    "PLS": {
      "accuracy": 0.9414634146341463,
      "f1_score": 0.9408819197782206,
      "precision": 0.9411643330876933,
      "recall": 0.9414634146341463,
      "training_time": 0.18979120254516602,
      "prediction_time": 0.06480026245117188
    },
    "Random Forest": {
      "accuracy": 0.9048780487804878,
      "f1_score": 0.9043020230903189,
      "precision": 0.9040399349895519,
      "recall": 0.9048780487804878,
      "training_time": 0.2083134651184082,
      "prediction_time": 0.07851815223693848
    },
    "MLP": {
      "accuracy": 0.9097560975609756,
      "f1_score": 0.9079752166339602,
      "precision": 0.9091795437821928,
      "recall": 0.9097560975609756,
      "training_time": 2.280975341796875,
      "prediction_time": 0.06833171844482422
    },
    "DNN": {
      "accuracy": 0.9585365853658536,
      "f1_score": 0.9583884288679206,
      "precision": 0.9583620689655172,
      "recall": 0.9585365853658536,
      "training_time": 28.30245614051819,
      "prediction_time": 0.21866440773010254
    }
  },
  "eab_class": {
    "PLS": {
      "accuracy": 0.9560975609756097,
      "f1_score": 0.9560933806867169,
      "precision": 0.9561347270615562,
      "recall": 0.9560975609756097,
      "training_time": 0.23131012916564941,
      "prediction_time": 0.07149720191955566
    },
    "Random Forest": {
      "accuracy": 0.9,
      "f1_score": 0.8999458497717955,
      "precision": 0.9017054263565891,
      "recall": 0.9,
      "training_time": 0.19538283348083496,
      "prediction_time": 0.07864975929260254
    },
    "MLP": {
      "accuracy": 0.9195121951219513,
      "f1_score": 0.9194474692624811,
      "precision": 0.920271664023677,
      "recall": 0.9195121951219513,
      "training_time": 2.0813193321228027,
      "prediction_time": 0.059513092041015625
    },
    "DNN": {
      "accuracy": 0.9243902439024391,
      "f1_score": 0.9243942922322418,
      "precision": 0.9244973230220107,
      "recall": 0.9243902439024391,
      "training_time": 18.22264313697815,
      "prediction_time": 0.20533251762390137
    }
  }
}